Category,Store,Product,Price
Health and Beauty,Woolworths,Tresemme Professional Salon Silk 900ml,7
Health and Beauty,Coles,Tresemme Professional Salon Silk 900ml,5.25
Health and Beauty,Woolworths,Tresemme Botanique Restore & Shine 390ml,7
Health and Beauty,Coles,Tresemme Botanique Restore & Shine 390ml,6.3
Health and Beauty,Woolworths,Tresemme Salon Sil Conditioner 900ml,7
Health and Beauty,Coles,Tresemme Salon Sil Conditioner 900ml,5.25
Health and Beauty,Woolworths,Tresemme Beauty Volume Mousse 200ml,8
Health and Beauty,Coles,Tresemme Beauty Volume Mousse 200ml,8.79
Health and Beauty,Woolworths,Tresemme Extra hold hair spray 360g,8.25
Health and Beauty,Coles,Tresemme Extra hold hair spray 360g,9.02
Health and Beauty,Woolworths,Dove Hair Therapy Daily Shampoo 320ml,7
Health and Beauty,Coles,Dove Hair Therapy Daily Shampoo 320ml,7.58
Health and Beauty,Woolworths,Dove Shampoo Oil Care 640ml,12
Health and Beauty,Coles,Dove Shampoo Oil Care 640ml,13.08
Health and Beauty,Woolworths,Dove Revive Pomegranate Body Wash 1L,13.7
Health and Beauty,Coles,Dove Revive Pomegranate Body Wash 1L,15.07
Health and Beauty,Woolworths,Dove Men's 2 in 1 Daily deep 300ml,6.75
Health and Beauty,Coles,Dove Men's 2 in 1 Daily deep 300ml,7.14
Health and Beauty,Woolworths,Dove Intensive Repair Conditioner 640ml,12
Health and Beauty,Coles,Dove Intensive Repair Conditioner 640ml,13.08
Health and Beauty,Woolworths,Pantene Always smooth 350ml,7
Health and Beauty,Coles,Pantene Always smooth 350ml,7.69
Health and Beauty,Woolworths,Head & Shoulders Clean and Balanced Shampoo 200ml,6.4
Health and Beauty,Coles,Head & Shoulders Clean and Balanced Shampoo 200ml,7.04
Health and Beauty,Woolworths,Head & Shoulders Smooth and Silky Conditioner 400ml,12.5
Health and Beauty,Coles,Head & Shoulders Smooth and Silky Conditioner 400ml,13.75
Health and Beauty,Woolworths,Head & Shoulders 2 in 1 shampoo conditioner 350ml,12.5
Health and Beauty,Coles,Head & Shoulders 2 in 1 shampoo conditioner 350ml,13.75
Health and Beauty,Woolworths,L'oreal Face Care Men Expert Moisturiser 50ml,17
Health and Beauty,Coles,L'oreal Face Care Men Expert Moisturiser 50ml,17.55
Health and Beauty,Woolworths,L'oreal Elvive Extraordinary oil Shampoo 250ml,6
Health and Beauty,Coles,L'oreal Elvive Extraordinary oil Shampoo 250ml,6.6
Health and Beauty,Woolworths,L'oreal Elvive Fibralogy Shampoo 250ml,6
Health and Beauty,Coles,L'oreal Elvive Fibralogy Shampoo 250ml,6.55
Health and Beauty,Woolworths,L'oreal Elvive Total Repair Conditioner 250ml,6
Health and Beauty,Coles,L'oreal Elvive Total Repair Conditioner 250ml,6.55
Health and Beauty,Woolworths,Garnier BB Cream Anti Age Light 50ml,14.99
Health and Beauty,Coles,Garnier BB Cream Anti Age Light 50ml,17.33
Health and Beauty,Woolworths,Garnier Fructis Shampoo Normal Hair 250ml,2.72
Health and Beauty,Coles,Garnier Fructis Shampoo Normal Hair 250ml,6
Health and Beauty,Woolworths,Garnier Fructis Full and Luscious Conditioner 250 ml,2.72
Health and Beauty,Coles,Garnier Fructis Full and Luscious Conditioner 250 ml,6
Health and Beauty,Woolworths,Garnier Fructis Surf Hair Style Paste 150ml,9.2
Health and Beauty,Coles,Garnier Fructis Surf Hair Style Paste 150ml,10.95
Health and Beauty,Woolworths,Toni and Guy damage repair mask 200ml,16
Health and Beauty,Coles,Toni and Guy damage repair mask 200ml,17.59
Health and Beauty,Woolworths,Palmolive Active nourishment conditioner 700ml,7
Health and Beauty,Coles,Palmolive Active nourishment conditioner 700ml,6.99
Health and Beauty,Woolworths,Palmolive Natural Vibrant colour Shampoo 350ml,4
Health and Beauty,Coles,Palmolive Natural Vibrant colour Shampoo 350ml,2.5
Health and Beauty,Woolworths,Organix Coconut Milk Shampoo 385ml,18
Health and Beauty,Coles,Organix Coconut Milk Shampoo 385ml,19.79
Health and Beauty,Woolworths,Organix Moroccon Argon Oil Shampoo 385ml,18
Health and Beauty,Coles,Organix Moroccon Argon Oil Shampoo 385ml,19.79
Health and Beauty,Woolworths,Nivea Bodywash Sport 500ml,4.8
Health and Beauty,Coles,Nivea Bodywash Sport 500ml,8.25
Health and Beauty,Woolworths,Palmolive Antistress Bodywash 500ml,5
Health and Beauty,Coles,Palmolive Antistress Bodywash 500ml,5.93
Health and Beauty,Woolworths,Dettol Hand Sanitiser Refresh 200ml,7.5
Health and Beauty,Coles,Dettol Hand Sanitiser Refresh 200ml,8.25
Beverages,Coles,Coke Can 375mL 24 Pack,30.25
Beverages,Woolworths,Coke Can 375mL 24 Pack,17
Beverages,Coles,Coke Zero 375mL Cans 24 Pack,30.25
Beverages,Woolworths,Coke Zero 375mL Cans 24 Pack,17
Beverages,Coles,Pepsi Max 375mL Cans 24 Pack,9.77
Beverages,Woolworths,Pepsi Max 375mL Cans 24 Pack,21.5
Beverages,Coles,Diet Coke 375mL Cans 24 Pack,30.25
Beverages,Woolworths,Diet Coke 375mL Cans 24 Pack,17
Beverages,Coles,Sprite Lemonade 375mL Cans 24 Pack,30.25
Beverages,Woolworths,Sprite Lemonade 375mL Cans 24 Pack,17
Beverages,Coles,Solo Lemon Cans 375mL Cans 24 Pack,12
Beverages,Woolworths,Solo Lemon Cans 375mL Cans 24 Pack,21.5
Beverages,Coles,Pepsi Cans 375mL Cans 24 Pack,12
Beverages,Woolworths,Pepsi Cans 375mL Cans 24 Pack,21.5
Beverages,Coles,Schweppes Lemonade Cans 375mL Cans 24 Pack,12
Beverages,Woolworths,Schweppes Lemonade Cans 375mL Cans 24 Pack,21.5
Beverages,Coles,Fanta Orange Flavour Cans 375mL Cans 24 Pack,30.25
Beverages,Woolworths,Fanta Orange Flavour Cans 375mL Cans 24 Pack,17
Beverages,Coles,Coke Diet 1.25 L,2
Beverages,Woolworths,Coke Diet 1.25 L,2.85
Beverages,Coles,Lipton Peach Ice Tea 1.5L,4.18
Beverages,Woolworths,Lipton Peach Ice Tea 1.5L,3.79
Beverages,Coles,Sprite Lemonade 1.25 L,2
Beverages,Woolworths,Sprite Lemonade 1.25 L,2.85
Beverages,Coles,Solo Lemon 1.25 L,2.41
Beverages,Woolworths,Solo Lemon 1.25 L,2.4
Beverages,Coles,Coca-Cola Coke 1.25 L,2
Beverages,Woolworths,Coca-Cola Coke 1.25 L,2.85
Beverages,Coles,Coke Zero 1.25 L,2
Beverages,Woolworths,Coke Zero 1.25 L,2.85
Beverages,Coles,Pepsi Max 1.25 L,2.41
Beverages,Woolworths,Pepsi Max 1.25 L,2.4
Beverages,Coles,Sunkist Orange Crush 1.25 L,2.41
Beverages,Woolworths,Sunkist Orange Crush 1.25 L,2.4
Beverages,Coles,Fanta Orange 1.25 L,2
Beverages,Woolworths,Fanta Orange 1.25 L,2.85
Beverages,Coles,Pepsi Max Vanilla 1.25 L,2.42
Beverages,Woolworths,Pepsi Max Vanilla 1.25 L,2.4
Beverages,Coles,7Up Lemonade 1.25 L,2.41
Beverages,Woolworths,7Up Lemonade 1.25 L,2.4
Beverages,Coles,Mountain Dew 1.25 L,2.41
Beverages,Woolworths,Mountain Dew 1.25 L,2.4
Beverages,Coles,Coke Vanilla 1.25 L,2
Beverages,Woolworths,Coke Vanilla 1.25 L,2.85
Beverages,Coles,Pepsi Max 2 L,4
Beverages,Woolworths,Pepsi Max 2 L,2
Beverages,Coles,Coke 2 L,4.4
Beverages,Woolworths,Coke 2 L,3
Beverages,Coles,Coke Zero 2 L,4.39
Beverages,Woolworths,Coke Zero 2 L,3
Beverages,Coles,Coke Diet 2 L,4.4
Beverages,Woolworths,Coke Diet 2 L,3
Beverages,Coles,Sprite Lemonade 2 L,4.4
Beverages,Woolworths,Sprite Lemonade 2 L,3
Beverages,Coles,Pepsi 2 L,3.41
Beverages,Woolworths,Pepsi 2 L,2
Beverages,Coles,Sunkist Orange Crush 2 L,4
Beverages,Woolworths,Sunkist Orange Crush 2 L,2
Beverages,Coles,Solo Lemon 2 L,4
Beverages,Woolworths,Solo Lemon 2 L,2
Snacks & Confectioneries,Woolworths,Doritos Corn Chips Original 170g,3.5
Snacks & Confectioneries,Coles,Doritos Corn Chips Original 170g,3.63
Snacks & Confectioneries,Woolworths,CC's Corn Chips Original 175g,3.2
Snacks & Confectioneries,Coles,CC's Corn Chips Original 175g,3.51
Snacks & Confectioneries,Woolworths,Doritos Mild Salsa 300g,2.99
Snacks & Confectioneries,Coles,Doritos Mild Salsa 300g,2.5
Snacks & Confectioneries,Woolworths,Oreo Original Cookies 274g,3.65
Snacks & Confectioneries,Coles,Oreo Original Cookies 274g,2.8
Snacks & Confectioneries,Woolworths,Oreo Cookie Strawberry 137g,1.5
Snacks & Confectioneries,Coles,Oreo Cookie Strawberry 137g,2.2
Snacks & Confectioneries,Woolworths,Smith's Crinkle Cut Original Potato Chips 170g,3.29
Snacks & Confectioneries,Coles,Smith's Crinkle Cut Original Potato Chips 170g,3.63
Snacks & Confectioneries,Woolworths,Pringles Salt & Vinegar Potato  Chips 134g,2.5
Snacks & Confectioneries,Coles,Pringles Salt & Vinegar Potato  Chips 134g,4.4
Snacks & Confectioneries,Woolworths,Cheetos Cheese & Bacon Balls Party Bag 190g,3
Snacks & Confectioneries,Coles,Cheetos Cheese & Bacon Balls Party Bag 190g,2.4
Snacks & Confectioneries,Woolworths,Coolpak Original Popcorn 10 pack 200g,3.79
Snacks & Confectioneries,Coles,Coolpak Original Popcorn 10 pack 200g,4.17
Snacks & Confectioneries,Woolworths,Kettle Salted Caramel Popcorn 110g,3.19
Snacks & Confectioneries,Coles,Kettle Salted Caramel Popcorn 110g,3.52
Snacks & Confectioneries,Woolworths,Poppin Microwave Popcorn Butter 4 Pack 400g,4.95
Snacks & Confectioneries,Coles,Poppin Microwave Popcorn Butter 4 Pack 400g,5.55
Snacks & Confectioneries,Woolworths,Riviana Popping Corn Kernels 400g,1.95
Snacks & Confectioneries,Coles,Riviana Popping Corn Kernels 400g,2.15
Snacks & Confectioneries,Woolworths,Sunbites Salted Popcorn 6 pack 78g,3.18
Snacks & Confectioneries,Coles,Sunbites Salted Popcorn 6 pack 78g,3.47
Snacks & Confectioneries,Woolworths,Majans Bhuja Ancient Grains 140g,2.5
Snacks & Confectioneries,Coles,Majans Bhuja Ancient Grains 140g,4.24
Snacks & Confectioneries,Woolworths,Lucky Golden Walnuts 100g,3.4
Snacks & Confectioneries,Coles,Lucky Golden Walnuts 100g,3.44
Snacks & Confectioneries,Woolworths,Lucky Oven Roasted Almonds 350g,9.5
Snacks & Confectioneries,Coles,Lucky Oven Roasted Almonds 350g,9.47
Snacks & Confectioneries,Woolworths,Nobby's Salted Peanuts 375g,3.35
Snacks & Confectioneries,Coles,Nobby's Salted Peanuts 375g,3.69
Snacks & Confectioneries,Woolworths,Nobby's Salted Mixed Nuts 375g,6.8
Snacks & Confectioneries,Coles,Nobby's Salted Mixed Nuts 375g,7.48
Snacks & Confectioneries,Woolworths,Wrigley's Eclipse Mints Spearmint 34g,2.6
Snacks & Confectioneries,Coles,Wrigley's Eclipse Mints Spearmint 34g,2.86
Snacks & Confectioneries,Woolworths,Wrigley's Extra White Peppermint  Bottle 64g,4
Snacks & Confectioneries,Coles,Wrigley's Extra White Peppermint  Bottle 64g,3
Snacks & Confectioneries,Woolworths,Tic Tac Peppermint 49g,3
Snacks & Confectioneries,Coles,Tic Tac Peppermint 49g,3.91
Snacks & Confectioneries,Woolworths,Mentos Fresh Mint Gum Bottle 68g,3
Snacks & Confectioneries,Coles,Mentos Fresh Mint Gum Bottle 68g,3.85
Snacks & Confectioneries,Woolworths,Mentos Mint 3 pack 112g,2.6
Snacks & Confectioneries,Coles,Mentos Mint 3 pack 112g,3.41
Snacks & Confectioneries,Woolworths,Mentos Rainbow Mini Rolls 120g,2
Snacks & Confectioneries,Coles,Mentos Rainbow Mini Rolls 120g,2.42
Snacks & Confectioneries,Woolworths,Be Natural Crunchy Granola & Seed Bars 160g,3.99
Snacks & Confectioneries,Coles,Be Natural Crunchy Granola & Seed Bars 160g,4.4
Snacks & Confectioneries,Woolworths,Be Natural Protein Nut Bars  160g,5
Snacks & Confectioneries,Coles,Be Natural Protein Nut Bars  160g,5.49
Snacks & Confectioneries,Woolworths,Carman's Almond Cashew & Cranberry Nut Bars 175g,5.6
Snacks & Confectioneries,Coles,Carman's Almond Cashew & Cranberry Nut Bars 175g,6.16
Snacks & Confectioneries,Woolworths,Carman's Variety Muesli Bars 540g,10
Snacks & Confectioneries,Coles,Carman's Variety Muesli Bars 540g,11
Snacks & Confectioneries,Woolworths,Mother Earth Baked Oaty Slices Apple Crumble Bars 240g,4
Snacks & Confectioneries,Coles,Mother Earth Baked Oaty Slices Apple Crumble Bars 240g,3
Snacks & Confectioneries,Woolworths,Nature Valley Crunchy Bars 210g,2.35
Snacks & Confectioneries,Coles,Nature Valley Crunchy Bars 210g,5.28